<?xml version="1.0" encoding="UTF-8" ?>
<!DOCTYPE configuration PUBLIC "-//mybatis.org//DTD Config 3.0//EN"
 "http://mybatis.org/dtd/mybatis-3-config.dtd">
<configuration>
	<properties resource="com/learning/configure/jdbc.properties"></properties>
	
	<typeAliases>
		<typeAlias type="com.learning.pojo.BookStoreUser" alias="user"/>
		<typeAlias type="com.learning.pojo.BookStoreCategory" alias="category"/>
		<typeAlias type="com.learning.pojo.BookStoreBook" alias="book"/>
		<typeAlias type="com.learning.pojo.BookStoreOrder" alias="order"/>
	</typeAliases>
	
	<!-- pagehelper 插件 -->
	<plugins>
		<plugin interceptor="com.github.pagehelper.PageInterceptor">
			
		</plugin>
	</plugins>
	
	<!-- 数据环境 -->
	<environments default="development">
		<environment id="development">
		<transactionManager type="JDBC"></transactionManager>
			<dataSource type="POOLED">
				<property name="driver" value="${jdbc.driver}"/>
				
				<property name="url" value="${jdbc.url}"/>
				<property name="username" value="${jdbc.username}"/>
				<property name="password" value="${jdbc.password}"/>
				
			</dataSource>
		</environment>
	</environments>
	<!-- 加载映射文件 -->
	<mappers>
		<mapper resource="com/learning/mapper/BookStoreUserMapper.xml"/>
		<mapper resource="com/learning/mapper/BookStoreCategoryMapper.xml"/>
		<mapper resource="com/learning/mapper/BookStoreBookMapper.xml"/>
		<mapper resource="com/learning/mapper/BookStoreOrderMapper.xml"/>
	</mappers>
</configuration>