<?xml version="1.0" encoding="UTF-8" ?>
<!DOCTYPE mapper PUBLIC "-//mybatis.org//DTD Mapper 3.0//EN" "http://mybatis.org/dtd/mybatis-3-mapper.dtd">
<!-- namespace 通过namespace和id进行访问 -->

<mapper namespace="com.learning.dao.BookStoreBookMapper">

	
	<insert id="addOne" parameterType="book" >
		insert into BookStoreBook(book_name, book_ISBN, book_author, book_publishing_house, 
		book_publishing_time, book_price, book_introduction, book_category_id)
		value(#{book_name}, #{book_ISBN}, #{book_author}, #{book_publishing_house}, 
		#{book_publishing_time}, #{book_price}, #{book_introduction}, #{book_category_id})
	</insert>
	<select id="findAll" resultType="book">
		select * from BookStoreBook
	</select>
	
	<select id="findBookById" resultType="book" parameterType="int">
		select * from BookStoreBook where book_id = #{book_id}
	</select>
	<select id="getBookByName" parameterType="String" resultType="int">
		SELECT COUNT(*) FROM BookStoreBook WHERE book_name = #{book_name}
	</select>
	
	<select id="findBookByCondition" parameterType="book" resultType="book">
		select * from BookStoreBook 
		<where>
			<if test="book_name!=null">
				and book_name like concat('%',concat(#{book_name},'%'))
			</if>
			<if test="book_ISBN!=null">
				and book_ISBN like concat('%',concat(#{book_ISBN},'%'))
			</if>
			<if test="book_author!=null">
				and book_author like concat('%',concat(#{book_author},'%'))
			</if>
			<if test="book_introduction!=null">
				and book_introduction like concat('%',concat(#{book_introduction},'%'))
			</if>
			<if test="book_category_id!=null">
				and book_category_id = #{book_category_id}
			</if>
		</where>
	</select>
	
	<update id="updateBook" parameterType="book" >
		update BookStoreBook set Book_name=#{Book_name}
		
		<if test="book_publishing_house!=null">
			, book_publishing_house=#{book_publishing_house}
		</if>
		<if test="book_price!=null">
			, book_price=#{book_price}
		</if>
		<if test="book_introduction!=null">
			, book_introduction=#{book_introduction}
		</if>
		<if test="book_category_id!=null">
			, book_category_id=#{book_category_id}
		</if>
		where book_id=#{book_id}
	</update>
	<delete id="deleteBook">
		delete from BookStoreBook where book_id = #{book_id}
	</delete>
	<delete id="deleteBooks">
		delete from BookStoreBook where book_id in
		  <foreach collection="array" index="index" item="item" 
              open="("  separator="," close=")">
               #{item}  
          </foreach>
	</delete>
</mapper>