<?xml version="1.0" encoding="UTF-8" ?>
<!DOCTYPE mapper PUBLIC "-//mybatis.org//DTD Mapper 3.0//EN" "http://mybatis.org/dtd/mybatis-3-mapper.dtd">
<!-- namespace 通过namespace和id进行访问 -->

<mapper namespace="com.learning.dao.BookStoreUserMapper">
	<!-- 属性映射配置：用于绑定属性的，order表的属性绑定到user表中
		 暂时先定
	 -->
<!-- 	<resultMap type="com.learning.pojo.BookStoreUser" id="orderMap"> -->
<!-- 		<id column="user_name" property="user_name"></id> -->
<!-- 		<result column="user_mobile" property="user_mobile"></result> -->
<!-- 		<result column="user_mobile" property="user_mobile"></result> -->
<!-- 		<result column="user_address" property="user_address"></result> -->
<!-- 		<association property="user" javaType="com.learning.pojo.BookStoreOrder"> -->
<!-- 			<result column="order_price" property="order_price"></result> -->
<!-- 			<result column="order_name" property="order_name"></result> -->
<!-- 			<result column="order_count" property="order_count"></result> -->
<!-- 		</association> -->
<!-- 	</resultMap> -->
	<insert id="addOne" parameterType="com.learning.pojo.BookStoreUser" >
		insert into BookStoreUser(user_name, user_password, user_sex, user_birthday, 
		user_identity_code, user_email, user_mobile, user_address, user_status)
		value(#{user_name}, #{user_password}, #{user_sex}, #{user_birthday}, 
		#{user_identity_code}, #{user_email}, #{user_mobile}, #{user_address}, #{user_status})
	</insert>
	<select id="findAll" resultType="com.learning.pojo.BookStoreUser">
		select * from BookStoreUser
	</select>
	
	<select id="login" resultType="user" parameterType="user">
	
		select * from BookstoreUser where user_password=#{user_password}
		
		<if test="user_name!=null">
			and user_name = #{user_name}
		</if>
		<if test="user_email!=null">
			and user_email = #{user_email}
		</if>
		<if test="user_status!=null">
			and user_status = user_status
		</if>
		
	</select>
	
	<select id="findUserById" resultType="com.learning.pojo.BookStoreUser" parameterType="int">
		select * from BookStoreUser where user_id = #{user_id}
	</select>
	<select id="getUserByName" parameterType="String" resultType="int">
		SELECT COUNT(*) FROM BOOKSTOREUSER WHERE USER_NAME = #{USER_NAME}
	</select>
	
	<select id="findUserByCondition" parameterType="com.learning.pojo.BookStoreUser" resultType="com.learning.pojo.BookStoreUser">
		select * from BookStoreUser 
		<where>
			<if test="user_name!=null">
				and user_name like concat('%',concat(#{user_name},'%'))
			</if>
			<if test="user_identity_code!=null">
				and user_identity_code like concat('%',concat(#{user_identity_code},'%'))
			</if>
			<if test="user_email!=null">
				and user_email like concat('%',concat(#{user_email},'%'))
			</if>
			<if test="user_mobile!=null">
				and user_mobile like concat('%',concat(#{user_mobile},'%'))
			</if>
			<if test="user_status!=null">
				and user_status = #{user_status}
			</if>
		</where>
	</select>
	<update id="updateUser" parameterType="user" >
		update BookStoreUser set user_name=#{user_name}
		<if test="user_password!=null">
			, user_password=#{user_password}
		</if>
		<if test="user_sex!=null">
			, user_sex=#{user_sex}
		</if>
		<if test="user_birthday!=null">
			, user_birthday=#{user_birthday}
		</if>
		<if test="user_identity_code!=null">
			, user_identity_code=#{user_identity_code}
		</if>
		<if test="user_email!=null">
			, user_email=#{user_email}
		</if>
		<if test="user_mobile!=null">
			, user_mobile=#{user_mobile}
		</if>
		<if test="user_address!=null">
			, user_address=#{user_address} 
		</if>
		
		where user_id=#{user_id}
	</update>
	<delete id="deleteUser">
		delete from bookstoreuser where user_id = #{user_id}
	</delete>
	<delete id="deleteUsers">
		delete from bookstoreuser where user_id in
		  <foreach collection="array" index="index" item="item" 
              open="("  separator="," close=")">
               #{item}  
          </foreach>
	</delete>
</mapper>