<?xml version="1.0" encoding="UTF-8" ?>
<!DOCTYPE mapper PUBLIC "-//mybatis.org//DTD Mapper 3.0//EN" "http://mybatis.org/dtd/mybatis-3-mapper.dtd">
<!-- namespace 通过namespace和id进行访问 -->
<mapper namespace="com.learning.dao.BookStoreCategoryMapper">

	<select id="findAll" resultType="category">
		select * from BookStoreCategory
	</select>
	
	<insert id="addOne" parameterType="category" >
		insert into BookStoreCategory value(#{category_id}, #{category_name}, #{category_pid}, #{category_detail})
	</insert>
	
	
	<select id="findCategoryById" resultType="category" parameterType="String">
		select * from BookStoreCategory where category_id = #{category_id}
	</select>
	
	<select id="findCategoryByName" resultType="category" parameterType="String">
		select * from BookStoreCategory where category_name = #{category_name}
	</select>
	
	
	
	<select id="findCategoryByCondition" parameterType="category" resultType="category">
		select * from BookStoreCategory 
		<where>
			<if test="category_id!=null">
				and category_id like concat('%',concat(#{category_id},'%'))
			</if>
			<if test="category_name!=null">
				and category_name like concat('%',concat(#{category_name},'%'))
			</if>
			<if test="category_detail!=null">
				and category_pid like concat('%',concat(#{category_pid},'%'))
			</if>
			<if test="category_detail!=null">
				and category_detail like concat('%',concat(#{category_detail},'%'))
			</if>
			
		</where>
	</select>
	
	<update id="updateCategory" parameterType="category" >
		update BookStoreCategory set category_name=#{category_name}
		where category_id=#{category_id}
	</update>
	
	<delete id="deleteCategory" parameterType="String">
		delete from BookStoreCategory where category_id = #{category_id} or category_pid = #{category_id};
		
	</delete>
	
	<delete id="deleteCategories">
		delete from BookStoreCategory where category_id in
		  <foreach collection="array" index="index" item="item" 
              open="("  separator="," close=")">
               #{item}  
          </foreach>
           or category_pid in
          <foreach collection="array" index="index" item="item" 
              open="("  separator="," close=")">
               #{item}  
          </foreach> 
          
	</delete>
	
</mapper>