<?xml version="1.0" encoding="UTF-8" ?>
<!DOCTYPE mapper PUBLIC "-//mybatis.org//DTD Mapper 3.0//EN" "http://mybatis.org/dtd/mybatis-3-mapper.dtd">
<!-- namespace 通过namespace和id进行访问 -->

<mapper namespace="com.learning.dao.orderStoreorderMapper">
	
	
	<insert id="addOne" parameterType="order" >
		insert into BookStoreOrder(order_name, order_type, order_user_id, order_detial, 
		order_price, order_order_id, order_original_location, order_ending_location,order_status)
		value(#{order_name}, #{order_type}, #{order_user_id}, #{order_detial}, 
		#{order_price}, #{order_order_id}, #{order_original_location}, #{order_ending_location}, #{order_status})
	</insert>
	<select id="findAll" resultType="order">
		select * from BookStoreOrder
	</select>
	
	<select id="findOrderById" resultType="order" parameterType="int">
		select * from BookStoreOrder where order_id = #{order_id}
	</select>
	<select id="getOrderByName" parameterType="String" resultType="int">
		SELECT COUNT(*) FROM BookStoreOrder WHERE order_name like concat('%',concat(#{order_name},'%'))
	</select>
	<select id="getOrderByType" parameterType="String" resultType="int">
		SELECT COUNT(*) FROM BookStoreOrder WHERE order_type like concat('%',concat(#{order_type},'%'))
	</select>
	
	
	<select id="findOrderByCondition" parameterType="order" resultType="order">
		select * from BookStoreOrder
		<where>
			<if test="order_name!=null">
				and order_name like concat('%',concat(#{order_name},'%'))
			</if>
			<if test="order_type!=null">
				and order_type like concat('%',concat(#{order_type},'%'))
			</if>
			<if test="order_user_id!=null">
				and order_user_id like concat('%',concat(#{order_user_id},'%'))
			</if>
			<if test="order_detial!=null">
				and order_detial like concat('%',concat(#{order_detial},'%'))
			</if>
			<if test="order_price!=null">
				and order_price = #{order_price}
			</if>
			<if test="order_status!=null">
				and order_status = #{order_status}
			</if>
		</where>
	</select>
	
	<update id="updateOrder" parameterType="order" >
		update BookStoreOrder set order_original_location=#{order_original_location}
		
		<if test="order_ending_location!=null">
			, order_ending_location=#{order_ending_location}
		</if>
		<if test="order_status!=null">
			, order_status=#{order_order_statusprice}
		</if>
		
		where order_id=#{order_id}
	</update>
	<delete id="deleteOrder">
		delete from BookStoreOrder where order_id = #{order_id}
	</delete>
	<delete id="deleteOrders">
		delete from BookStoreOrder where order_id in
		  <foreach collection="array" index="index" item="item" 
              open="("  separator="," close=")">
               #{item}  
          </foreach>
	</delete>
</mapper>